postal_code,business_id
92672,64660
94013,37167
94013,37169
94014,74674
94014,80829
94014,87059
94066,5757
94101,65856
94101,83744
94102,102
94102,134
94102,192
94102,275
94102,695
94102,709
94102,1031
94102,1139
94102,1156
94102,1207
94102,1232
94102,1235
94102,1351
94102,1396
94102,1438
94102,1549
94102,1741
94102,1742
94102,1813
94102,2094
94102,2104
94102,2106
94102,2107
94102,2401
94102,2559
94102,2561
94102,2588
94102,2589
94102,2592
94102,2768
94102,2799
94102,2810
94102,2833
94102,2862
94102,2898
94102,2922
94102,2924
94102,2925
94102,2926
94102,2928
94102,2955
94102,3019
94102,3038
94102,3056
94102,3112
94102,3123
94102,3129
94102,3207
94102,3373
94102,3374
94102,3375
94102,3403
94102,3482
94102,3490
94102,3495
94102,3496
94102,3562
94102,3611
94102,3640
94102,3642
94102,3643
94102,3645
94102,3646
94102,3665
94102,3707
94102,3729
94102,3731
94102,3769
94102,3776
94102,3790
94102,3791
94102,3794
94102,3795
94102,3796
94102,3800
94102,3803
94102,3926
94102,3929
94102,3936
94102,3989
94102,3990
94102,4047
94102,4135
94102,4136
94102,4298
94102,4304
94102,4326
94102,4327
94102,4333
94102,4404
94102,4405
94102,4406
94102,4407
94102,4408
94102,4409
94102,4410
94102,4411
94102,4574
94102,4721
94102,4729
94102,4893
94102,4905
94102,4983
94102,5345
94102,5409
94102,5420
94102,5430
94102,5434
94102,5441
94102,6367
94102,6369
94102,6548
94102,6636
94102,6881
94102,6887
94102,6893
94102,6895
94102,7182
94102,7276
94102,7512
94102,7519
94102,7652
94102,7653
94102,7672
94102,7692
94102,7695
94102,7809
94102,9710
94102,9873
94102,10107
94102,10238
94102,10433
94102,10438
94102,11860
94102,13965
94102,14075
94102,14577
94102,17616
94102,17762
94102,17822
94102,17933
94102,18428
94102,19277
94102,21921
94102,24022
94102,25151
94102,25153
94102,25160
94102,25161
94102,25162
94102,25163
94102,25878
94102,26146
94102,26343
94102,28193
94102,28468
94102,30478
94102,31568
94102,31799
94102,32702
94102,32729
94102,32736
94102,32872
94102,32995
94102,33020
94102,33084
94102,33113
94102,33468
94102,33523
94102,33920
94102,34352
94102,34353
94102,34354
94102,34676
94102,34839
94102,35106
94102,35565
94102,35689
94102,35771
94102,35884
94102,35920
94102,36179
94102,36744
94102,36861
94102,37182
94102,37344
94102,37651
94102,38112
94102,38339
94102,38606
94102,39295
94102,39495
94102,39513
94102,39936
94102,57751
94102,58710
94102,59041
94102,59153
94102,59178
94102,59422
94102,59744
94102,59828
94102,60043
94102,60345
94102,60354
94102,60355
94102,60697
94102,60711
94102,61032
94102,61180
94102,61357
94102,61618
94102,61823
94102,61953
94102,62064
94102,62277
94102,62308
94102,62443
94102,62445
94102,62462
94102,62550
94102,62551
94102,62552
94102,62674
94102,62706
94102,62778
94102,63150
94102,63503
94102,63554
94102,63619
94102,63651
94102,63652
94102,63653
94102,63654
94102,63800
94102,63804
94102,64008
94102,64236
94102,64313
94102,64621
94102,64682
94102,64745
94102,64805
94102,64938
94102,64940
94102,64975
94102,65066
94102,65240
94102,65283
94102,65408
94102,65872
94102,66185
94102,66219
94102,66675
94102,66694
94102,66709
94102,66932
94102,66979
94102,67063
94102,67184
94102,67246
94102,67250
94102,67356
94102,67786
94102,67865
94102,68287
94102,68295
94102,68360
94102,68626
94102,68629
94102,68690
94102,68764
94102,68774
94102,69110
94102,69121
94102,69150
94102,69215
94102,69288
94102,69387
94102,69388
94102,69492
94102,69495
94102,69584
94102,69590
94102,69592
94102,69595
94102,69665
94102,69680
94102,69681
94102,69705
94102,69906
94102,69938
94102,70014
94102,70418
94102,70515
94102,70921
94102,70960
94102,71065
94102,71067
94102,71424
94102,71456
94102,71510
94102,71528
94102,71769
94102,71962
94102,72004
94102,72015
94102,72093
94102,72117
94102,72171
94102,73900
94102,73902
94102,73906
94102,74070
94102,74210
94102,74240
94102,74358
94102,74436
94102,74524
94102,74626
94102,75010
94102,75013
94102,75161
94102,75187
94102,75801
94102,75850
94102,75886
94102,76064
94102,76218
94102,76285
94102,76297
94102,76373
94102,76492
94102,76588
94102,76602
94102,76681
94102,76787
94102,76874
94102,76909
94102,77098
94102,77155
94102,77213
94102,77611
94102,77705
94102,77731
94102,77755
94102,77789
94102,78050
94102,78073
94102,78074
94102,78143
94102,78213
94102,78243
94102,78300
94102,78314
94102,78579
94102,78645
94102,78662
94102,78709
94102,78749
94102,78769
94102,78779
94102,78943
94102,79168
94102,79296
94102,79445
94102,79604
94102,79667
94102,79729
94102,79753
94102,79892
94102,79946
94102,80016
94102,80151
94102,80273
94102,80285
94102,80288
94102,80295
94102,80299
94102,80312
94102,80534
94102,80995
94102,81071
94102,81090
94102,81099
94102,81140
94102,81179
94102,81187
94102,81269
94102,81277
94102,81381
94102,81432
94102,81433
94102,81453
94102,81458
94102,81522
94102,81580
94102,81591
94102,81707
94102,81756
94102,81845
94102,81987
94102,82042
94102,82074
94102,82078
94102,82097
94102,82102
94102,82145
94102,82146
94102,82214
94102,82225
94102,82252
94102,82339
94102,82388
94102,82395
94102,82407
94102,82550
94102,82699
94102,82808
94102,82812
94102,82921
94102,82954
94102,82959
94102,83046
94102,83305
94102,83336
94102,83387
94102,83459
94102,83475
94102,83497
94102,83538
94102,83596
94102,83602
94102,83778
94102,83779
94102,83821
94102,83931
94102,83998
94102,84090
94102,84446
94102,84510
94102,84668
94102,84692
94102,84727
94102,84728
94102,84729
94102,84811
94102,84888
94102,85085
94102,85164
94102,85279
94102,85352
94102,85353
94102,85363
94102,85646
94102,85809
94102,85849
94102,85930
94102,85968
94102,85987
94102,86116
94102,86159
94102,86354
94102,86393
94102,86395
94102,86568
94102,86594
94102,86609
94102,86619
94102,86620
94102,86645
94102,86753
94102,86914
94102,86990
94102,86991
94102,86992
94102,86994
94102,86997
94102,87015
94102,87022
94102,87099
94102,87282
94102,87374
94102,87475
94102,87476
94102,87537
94102,87716
94102,88129
94102,88162
94102,88774
94102,88878
94102,89104
94102,89328
94102,89335
94103,394
94103,395
94103,397
94103,403
94103,744
94103,809
94103,1154
94103,1216
94103,1452
94103,1496
94103,1520
94103,1542
94103,1664
94103,1674
94103,1798
94103,1815
94103,1823
94103,1942
94103,2134
94103,2173
94103,2331
94103,2437
94103,2525
94103,2553
94103,2580
94103,2737
94103,2743
94103,2764
94103,2773
94103,2842
94103,2854
94103,2972
94103,2995
94103,3076
94103,3091
94103,3095
94103,3393
94103,3394
94103,3458
94103,3459
94103,3613
94103,3614
94103,3649
94103,3855
94103,3892
94103,3920
94103,3948
94103,3972
94103,3980
94103,3982
94103,4012
94103,4048
94103,4057
94103,4170
94103,4211
94103,4268
94103,4270
94103,4280
94103,4320
94103,4335
94103,4351
94103,4352
94103,4353
94103,4425
94103,4438
94103,4475
94103,4478
94103,4511
94103,4531
94103,4532
94103,4590
94103,4620
94103,4656
94103,4780
94103,4787
94103,4789
94103,4906
94103,4907
94103,4923
94103,4968
94103,5010
94103,5011
94103,5019
94103,5053
94103,5150
94103,5268
94103,5289
94103,5297
94103,5325
94103,5364
94103,6171
94103,6429
94103,6685
94103,7113
94103,7135
94103,7167
94103,7449
94103,7538
94103,7561
94103,7605
94103,7610
94103,7678
94103,7757
94103,7880
94103,8091
94103,8948
94103,9155
94103,9727
94103,10327
94103,10332
94103,11065
94103,13814
94103,13837
94103,14022
94103,14575
94103,15120
94103,15537
94103,16751
94103,17522
94103,17523
94103,17524
94103,18330
94103,18577
94103,18580
94103,18581
94103,18800
94103,19003
94103,19055
94103,19056
94103,19057
94103,19058
94103,19063
94103,19386
94103,19416
94103,19417
94103,21407
94103,23068
94103,24159
94103,24278
94103,24431
94103,25301
94103,25563
94103,25572
94103,26149
94103,27053
94103,27056
94103,27377
94103,27779
94103,27793
94103,27799
94103,27854
94103,27947
94103,27964
94103,27986
94103,28169
94103,28206
94103,29948
94103,30143
94103,30496
94103,30535
94103,31319
94103,32654
94103,32682
94103,32683
94103,32684
94103,32685
94103,32737
94103,32887
94103,33467
94103,33728
94103,33884
94103,33916
94103,34161
94103,34181
94103,34505
94103,35448
94103,35591
94103,35882
94103,36277
94103,36378
94103,36494
94103,36745
94103,36840
94103,37038
94103,37090
94103,37166
94103,37168
94103,37170
94103,37171
94103,37350
94103,37670
94103,37792
94103,38259
94103,38330
94103,38428
94103,38566
94103,38709
94103,39113
94103,39584
94103,39875
94103,40151
94103,57584
94103,58576
94103,58637
94103,58750
94103,58913
94103,59577
94103,59934
94103,60029
94103,60067
94103,60300
94103,60713
94103,60789
94103,60823
94103,60824
94103,60825
94103,60984
94103,61122
94103,61123
94103,61247
94103,61390
94103,61391
94103,61427
94103,61514
94103,61690
94103,61789
94103,61861
94103,62010
94103,62532
94103,62632
94103,62785
94103,62913
94103,62978
94103,63076
94103,63131
94103,63136
94103,63447
94103,63601
94103,63757
94103,63776
94103,63926
94103,64299
94103,64308
94103,64416
94103,64609
94103,64803
94103,64854
94103,65228
94103,65396
94103,65442
94103,65529
94103,65602
94103,65649
94103,65661
94103,65791
94103,65860
94103,65896
94103,66255
94103,66363
94103,66406
94103,66534
94103,66715
94103,66717
94103,66732
94103,66811
94103,66918
94103,66927
94103,66963
94103,67123
94103,67174
94103,67181
94103,67182
94103,67430
94103,67432
94103,67514
94103,67558
94103,67602
94103,67807
94103,67936
94103,67943
94103,67982
94103,67985
94103,68027
94103,68104
94103,68254
94103,68269
94103,68281
94103,68294
94103,68298
94103,68421
94103,68422
94103,68430
94103,68451
94103,68510
94103,68541
94103,68608
94103,68632
94103,68660
94103,68672
94103,68698
94103,68762
94103,68763
94103,68831
94103,68860
94103,68880
94103,68891
94103,68916
94103,68955
94103,69081
94103,69153
94103,69194
94103,69195
94103,69249
94103,69272
94103,69275
94103,69290
94103,69350
94103,69351
94103,69378
94103,69380
94103,69437
94103,69511
94103,69520
94103,69627
94103,69653
94103,69691
94103,69694
94103,69722
94103,69737
94103,69758
94103,69932
94103,69974
94103,70045
94103,70064
94103,70068
94103,70090
94103,70123
94103,70132
94103,70141
94103,70181
94103,70182
94103,70210
94103,70723
94103,70912
94103,70983
94103,71208
94103,71259
94103,71327
94103,71416
94103,71563
94103,71597
94103,71641
94103,71703
94103,71783
94103,71791
94103,71990
94103,72107
94103,72169
94103,73840
94103,73963
94103,74027
94103,74084
94103,74116
94103,74229
94103,74237
94103,74244
94103,74284
94103,74294
94103,74549
94103,74565
94103,74972
94103,75108
94103,75277
94103,75350
94103,75375
94103,75386
94103,75460
94103,75649
94103,75685
94103,75940
94103,76196
94103,76245
94103,76323
94103,76445
94103,76465
94103,76747
94103,76799
94103,76817
94103,76959
94103,76998
94103,77005
94103,77058
94103,77065
94103,77095
94103,77182
94103,77419
94103,77457
94103,77515
94103,77528
94103,77548
94103,77581
94103,77767
94103,77771
94103,77772
94103,77918
94103,78018
94103,78106
94103,78157
94103,78220
94103,78307
94103,78336
94103,78363
94103,78390
94103,78481
94103,78516
94103,78528
94103,78642
94103,78668
94103,78669
94103,78698
94103,78701
94103,78705
94103,78761
94103,78819
94103,78820
94103,78835
94103,78852
94103,78889
94103,78911
94103,78941
94103,79089
94103,79187
94103,79193
94103,79196
94103,79214
94103,79299
94103,79329
94103,79350
94103,79410
94103,79432
94103,79546
94103,79568
94103,79595
94103,79599
94103,79654
94103,79704
94103,79783
94103,79804
94103,79990
94103,80138
94103,80241
94103,80280
94103,80354
94103,80363
94103,80479
94103,80484
94103,80515
94103,80588
94103,80659
94103,80782
94103,80832
94103,80974
94103,81073
94103,81088
94103,81136
94103,81297
94103,81310
94103,81356
94103,81442
94103,81464
94103,81484
94103,81602
94103,81643
94103,81680
94103,81757
94103,81759
94103,81800
94103,81802
94103,81937
94103,81951
94103,81999
94103,82009
94103,82107
94103,82140
94103,82211
94103,82215
94103,82278
94103,82291
94103,82376
94103,82429
94103,82452
94103,82453
94103,82610
94103,82635
94103,82654
94103,82695
94103,82714
94103,82715
94103,82718
94103,82721
94103,82792
94103,82821
94103,82878
94103,82890
94103,82891
94103,82895
94103,82897
94103,82898
94103,83382
94103,83612
94103,83643
94103,83706
94103,83709
94103,83769
94103,83776
94103,83796
94103,83889
94103,83991
94103,84038
94103,84065
94103,84339
94103,84482
94103,84530
94103,84589
94103,84634
94103,84770
94103,84892
94103,84893
94103,84899
94103,84921
94103,85007
94103,85102
94103,85144
94103,85175
94103,85180
94103,85258
94103,85518
94103,85601
94103,85679
94103,85690
94103,85709
94103,85738
94103,85856
94103,85908
94103,85947
94103,85971
94103,86013
94103,86154
94103,86155
94103,86158
94103,86256
94103,86296
94103,86303
94103,86330
94103,86405
94103,86447
94103,86567
94103,86638
94103,86672
94103,86790
94103,86915
94103,87146
94103,87312
94103,87338
94103,87469
94103,87470
94103,87541
94103,87631
94103,87793
94103,87927
94103,88114
94103,88120
94103,88840
94103,88881
94103,89217
94104,10
94104,24
94104,76
94104,77
94104,140
94104,164
94104,178
94104,428
94104,892
94104,1127
94104,1544
94104,1582
94104,1623
94104,1692
94104,1831
94104,1837
94104,1854
94104,1856
94104,1866
94104,1867
94104,1870
94104,2249
94104,2252
94104,2780
94104,2870
94104,2884
94104,2917
94104,2919
94104,3006
94104,3116
94104,3548
94104,3550
94104,3561
94104,3571
94104,3997
94104,6123
94104,7005
94104,7305
94104,10363
94104,15961
94104,16419
94104,17812
94104,18818
94104,19379
94104,24936
94104,32823
94104,33056
94104,33516
94104,35671
94104,36474
94104,37802
94104,38197
94104,38530
94104,39048
94104,39049
94104,39778
94104,57623
94104,58659
94104,59025
94104,59065
94104,59833
94104,60085
94104,60633
94104,60644
94104,61490
94104,61635
94104,61669
94104,63493
94104,66515
94104,66806
94104,67153
94104,67839
94104,68070
94104,68128
94104,68288
94104,68351
94104,68442
94104,68766
94104,68901
94104,69861
94104,69895
94104,70258
94104,70330
94104,70486
94104,70521
94104,70661
94104,71307
94104,71473
94104,71576
94104,71682
94104,71823
94104,71910
94104,74536
94104,74537
94104,74572
94104,74763
94104,74854
94104,75029
94104,75085
94104,75166
94104,75738
94104,75849
94104,75961
94104,76142
94104,76401
94104,76687
94104,77053
94104,77682
94104,77826
94104,78021
94104,78310
94104,78619
94104,79132
94104,79206
94104,80019
94104,80037
94104,80044
94104,81291
94104,81471
94104,81595
94104,81607
94104,81713
94104,82048
94104,82064
94104,82093
94104,82094
94104,82930
94104,82996
94104,82998
94104,83000
94104,83005
94104,83013
94104,83583
94104,83616
94104,83642
94104,83824
94104,83927
94104,84095
94104,84500
94104,84545
94104,84711
94104,84971
94104,85156
94104,85525
94104,85583
94104,85731
94104,85847
94104,86371
94104,87477
94104,88092
94105,190
94105,216
94105,389
94105,409
94105,502
94105,519
94105,567
94105,573
94105,758
94105,1085
94105,1269
94105,1409
94105,1487
94105,1649
94105,1652
94105,1672
94105,1673
94105,1939
94105,2132
94105,2135
94105,2144
94105,2818
94105,2967
94105,2996
94105,3032
94105,3082
94105,3090
94105,3100
94105,3200
94105,3405
94105,3484
94105,3728
94105,3858
94105,3859
94105,3898
94105,3960
94105,3963
94105,4011
94105,4015
94105,4202
94105,4598
94105,4739
94105,4746
94105,4824
94105,5068
94105,6172
94105,6212
94105,6747
94105,6912
94105,7467
94105,7502
94105,7534
94105,9163
94105,9164
94105,9165
94105,9652
94105,10099
94105,11304
94105,11687
94105,12788
94105,13623
94105,15222
94105,15738
94105,16784
94105,17689
94105,18120
94105,18256
94105,18616
94105,19344
94105,22304
94105,26830
94105,27801
94105,28843
94105,33069
94105,33448
94105,33891
94105,33945
94105,34143
94105,34411
94105,34434
94105,34451
94105,34743
94105,35425
94105,35592
94105,36048
94105,36205
94105,36369
94105,36512
94105,36513
94105,37655
94105,38201
94105,38318
94105,39052
94105,39053
94105,39667
94105,39708
94105,39824
94105,57754
94105,59019
94105,60208
94105,60908
94105,61336
94105,61602
94105,61623
94105,61643
94105,61802
94105,62334
94105,62889
94105,62896
94105,63223
94105,64454
94105,64581
94105,64661
94105,65248
94105,65380
94105,65635
94105,65674
94105,65761
94105,66239
94105,67049
94105,67150
94105,67446
94105,67510
94105,68247
94105,68249
94105,68320
94105,68469
94105,68615
94105,68659
94105,68761
94105,69199
94105,69208
94105,69397
94105,70023
94105,70142
94105,70309
94105,70416
94105,70606
94105,70946
94105,71534
94105,71599
94105,71772
94105,71946
94105,74487
94105,74508
94105,75113
94105,75302
94105,75530
94105,75572
94105,75688
94105,75765
94105,75881
94105,76513
94105,76749
94105,76883
94105,77157
94105,77651
94105,77834
94105,77919
94105,78019
94105,78070
94105,78072
94105,78105
94105,78718
94105,78965
94105,79334
94105,79348
94105,79529
94105,79598
94105,80142
94105,80304
94105,80742
94105,80861
94105,81284
94105,81285
94105,81448
94105,81647
94105,81669
94105,81670
94105,81671
94105,81674
94105,81683
94105,81911
94105,81925
94105,82041
94105,82095
94105,82246
94105,82487
94105,82602
94105,82653
94105,83125
94105,83327
94105,83394
94105,83565
94105,83566
94105,83755
94105,83759
94105,83805
94105,84124
94105,84340
94105,84541
94105,84698
94105,84715
94105,84858
94105,85026
94105,85047
94105,85154
94105,85183
94105,85324
94105,85680
94105,85682
94105,85945
94105,86344
94105,86478
94105,86780
94105,86894
94105,86921
94105,86925
94105,87046
94105,87139
94105,87421
94105,87516
94105,87551
94105,87624
94105,87628
94105,87932
94107,88
94107,200
94107,413
94107,424
94107,765
94107,768
94107,773
94107,774
94107,782
94107,811
94107,1482
94107,1490
94107,1515
94107,1516
94107,1517
94107,1527
94107,1529
94107,1613
94107,1671
94107,1677
94107,2145
94107,2152
94107,2156
94107,2579
94107,2778
94107,2861
94107,2885
94107,2899
94107,2973
94107,3065
94107,3070
94107,3072
94107,3073
94107,3102
94107,3397
94107,3456
94107,3457
94107,3864
94107,3896
94107,3955
94107,3962
94107,3976
94107,3978
94107,3987
94107,4171
94107,4400
94107,4512
94107,4774
94107,4777
94107,4782
94107,4791
94107,4794
94107,5129
94107,5232
94107,5254
94107,6426
94107,6520
94107,6521
94107,6607
94107,6671
94107,6914
94107,7138
94107,7366
94107,7433
94107,7608
94107,7857
94107,7997
94107,9156
94107,9948
94107,10127
94107,11594
94107,13218
94107,13428
94107,13671
94107,14071
94107,16673
94107,17570
94107,18462
94107,19041
94107,20291
94107,21143
94107,22671
94107,23557
94107,24534
94107,24978
94107,28828
94107,33709
94107,33851
94107,34332
94107,34728
94107,35503
94107,35790
94107,35812
94107,35855
94107,37688
94107,38091
94107,38479
94107,38564
94107,38898
94107,39528
94107,40227
94107,58574
94107,58745
94107,58945
94107,60331
94107,61324
94107,61436
94107,61460
94107,61471
94107,61563
94107,61612
94107,61923
94107,61989
94107,62251
94107,62631
94107,62779
94107,62780
94107,62888
94107,63191
94107,63208
94107,63304
94107,63864
94107,64157
94107,64242
94107,64384
94107,64741
94107,65241
94107,65754
94107,66198
94107,66522
94107,66583
94107,66902
94107,66925
94107,67160
94107,67237
94107,67591
94107,67615
94107,67661
94107,67864
94107,67937
94107,68037
94107,68105
94107,68146
94107,68226
94107,68362
94107,68407
94107,68431
94107,68596
94107,68649
94107,68753
94107,68813
94107,68814
94107,68824
94107,69044
94107,69045
94107,69047
94107,69048
94107,69049
94107,69051
94107,69053
94107,69135
94107,69147
94107,69152
94107,69186
94107,69187
94107,69244
94107,69279
94107,69574
94107,69621
94107,69945
94107,70143
94107,70306
94107,70459
94107,70797
94107,70939
94107,70949
94107,71056
94107,71057
94107,71081
94107,72129
94107,72176
94107,74065
94107,74245
94107,74246
94107,74317
94107,74326
94107,74327
94107,74328
94107,74332
94107,74333
94107,74336
94107,74509
94107,74760
94107,74974
94107,75223
94107,75356
94107,75406
94107,75409
94107,75467
94107,75468
94107,75575
94107,75956
94107,76223
94107,76230
94107,76233
94107,76355
94107,76442
94107,76619
94107,76653
94107,76659
94107,76895
94107,76896
94107,77185
94107,77252
94107,77403
94107,77404
94107,77492
94107,77901
94107,78178
94107,78219
94107,78294
94107,78301
94107,78303
94107,78365
94107,78366
94107,78367
94107,78368
94107,78369
94107,78370
94107,78371
94107,78372
94107,78373
94107,78374
94107,78375
94107,78389
94107,78405
94107,78408
94107,78653
94107,78656
94107,78663
94107,78797
94107,78962
94107,79000
94107,79003
94107,79005
94107,79006
94107,79008
94107,79009
94107,79010
94107,79011
94107,79012
94107,79146
94107,79347
94107,79433
94107,79498
94107,79499
94107,79515
94107,79586
94107,79587
94107,79588
94107,79589
94107,79869
94107,79905
94107,79906
94107,79989
94107,80063
94107,80279
94107,80487
94107,80890
94107,80935
94107,81316
94107,81592
94107,81637
94107,81654
94107,81723
94107,81861
94107,81946
94107,81992
94107,82033
94107,82036
94107,82038
94107,82207
94107,82469
94107,82636
94107,82656
94107,82793
94107,82823
94107,82844
94107,82845
94107,82846
94107,82847
94107,82850
94107,82852
94107,82854
94107,82933
94107,82944
94107,82992
94107,83041
94107,83142
94107,83360
94107,83362
94107,83389
94107,83406
94107,83415
94107,83520
94107,83746
94107,83843
94107,84196
94107,84392
94107,84558
94107,84793
94107,84922
94107,85049
94107,85170
94107,85384
94107,85501
94107,85594
94107,85661
94107,86111
94107,86148
94107,86151
94107,86221
94107,86331
94107,86333
94107,86362
94107,86382
94107,86484
94107,86590
94107,86715
94107,87258
94107,87943
94107,88079
94107,88110
94107,88326
94107,88381
94107,88432
94107,89198
94107,89199
94107,89200
94107,89201
94107,89204
94108,99
94108,101
94108,108
94108,121
94108,415
94108,500
94108,891
94108,903
94108,905
94108,917
94108,919
94108,920
94108,1458
94108,1505
94108,1532
94108,1564
94108,1565
94108,1594
94108,1710
94108,1829
94108,1832
94108,2216
94108,2233
94108,2234
94108,2240
94108,2243
94108,2245
94108,2261
94108,2262
94108,2501
94108,2601
94108,2805
94108,2823
94108,2950
94108,2970
94108,3014
94108,3016
94108,3111
94108,3118
94108,3121
94108,3492
94108,3497
94108,3498
94108,3504
94108,3522
94108,3547
94108,3578
94108,3676
94108,3816
94108,4055
94108,4064
94108,4197
94108,4206
94108,4209
94108,4447
94108,4461
94108,4533
94108,4606
94108,4607
94108,4608
94108,4610
94108,4932
94108,4985
94108,5437
94108,5564
94108,5946
94108,6164
94108,6176
94108,6177
94108,6305
94108,6494
94108,6524
94108,6743
94108,6845
94108,6995
94108,7000
94108,7474
94108,7482
94108,8077
94108,8113
94108,8821
94108,9273
94108,9289
94108,9679
94108,10625
94108,10986
94108,14909
94108,14910
94108,18480
94108,18952
94108,18953
94108,18954
94108,27555
94108,29956
94108,30156
94108,31144
94108,33125
94108,33712
94108,34179
94108,34221
94108,34222
94108,34244
94108,34458
94108,34611
94108,34814
94108,34992
94108,36177
94108,36473
94108,36786
94108,36875
94108,37115
94108,37191
94108,37231
94108,37717
94108,37892
94108,39294
94108,57698
94108,59215
94108,59691
94108,60472
94108,61975
94108,62060
94108,62298
94108,62578
94108,62849
94108,63049
94108,64154
94108,65004
94108,65901
94108,65912
94108,67385
94108,67394
94108,67614
94108,67743
94108,67754
94108,67788
94108,67809
94108,67917
94108,68026
94108,68036
94108,68147
94108,68264
94108,68329
94108,68353
94108,68433
94108,68452
94108,68827
94108,68865
94108,68982
94108,69041
94108,69107
94108,69368
94108,69487
94108,69615
94108,70022
94108,70207
94108,70282
94108,70603
94108,70604
94108,70605
94108,70702
94108,70705
94108,71232
94108,71310
94108,71440
94108,71446
94108,71603
94108,73849
94108,74380
94108,74680
94108,74722
94108,75412
94108,75631
94108,76437
94108,76622
94108,76763
94108,76941
94108,77546
94108,77547
94108,77645
94108,77714
94108,77741
94108,77760
94108,77791
94108,78750
94108,78848
94108,78849
94108,78851
94108,78923
94108,79954
94108,79970
94108,80011
94108,80081
94108,80120
94108,80164
94108,80572
94108,80573
94108,80763
94108,80800
94108,81103
94108,81188
94108,81250
94108,81255
94108,81425
94108,81938
94108,81974
94108,82123
94108,82411
94108,82719
94108,82892
94108,82911
94108,82914
94108,82926
94108,83072
94108,83102
94108,83384
94108,83429
94108,83436
94108,83439
94108,83571
94108,83603
94108,83986
94108,84040
94108,84171
94108,84581
94108,84759
94108,84865
94108,85449
94108,85534
94108,85622
94108,85933
94108,85935
94108,85936
94108,85937
94108,85944
94108,86133
94108,86138
94108,86168
94108,86539
94108,86775
94108,87051
94108,87552
94108,87604
94108,87612
94108,87834
94108,88095
94108,88127
94108,88134
94108,88475
94108,88498
94108,88539
94108,88708
94109,70
94109,221
94109,279
94109,283
94109,298
94109,300
94109,302
94109,318
94109,320
94109,323
94109,335
94109,639
94109,659
94109,703
94109,798
94109,874
94109,1102
94109,1111
94109,1144
94109,1146
94109,1236
94109,1345
94109,1466
94109,1555
94109,1734
94109,1757
94109,1768
94109,1972
94109,2020
94109,2031
94109,2032
94109,2050
94109,2051
94109,2053
94109,2054
94109,2055
94109,2057
94109,2066
94109,2070
94109,2072
94109,2077
94109,2085
94109,2109
94109,2110
94109,2115
94109,2124
94109,2175
94109,2299
94109,2336
94109,2469
94109,2519
94109,2542
94109,2652
94109,2797
94109,2807
94109,2843
94109,2902
94109,2920
94109,2927
94109,2942
94109,3031
94109,3048
94109,3053
94109,3054
94109,3061
94109,3062
94109,3120
94109,3285
94109,3286
94109,3296
94109,3299
94109,3300
94109,3309
94109,3319
94109,3323
94109,3324
94109,3328
94109,3329
94109,3335
94109,3338
94109,3350
94109,3488
94109,3491
94109,3674
94109,3699
94109,3802
94109,3902
94109,3935
94109,3992
94109,4025
94109,4026
94109,4027
94109,4029
94109,4030
94109,4033
94109,4037
94109,4044
94109,4045
94109,4046
94109,4111
94109,4112
94109,4122
94109,4124
94109,4125
94109,4126
94109,4127
94109,4128
94109,4137
94109,4140
94109,4323
94109,4417
94109,4618
94109,4732
94109,4935
94109,4947
94109,4982
94109,5017
94109,5083
94109,5084
94109,5124
94109,6094
94109,6207
94109,6263
94109,6334
94109,6365
94109,6527
94109,6640
94109,6643
94109,6646
94109,6654
94109,6659
94109,6661
94109,6852
94109,6860
94109,6864
94109,6869
94109,6899
94109,7303
94109,7517
94109,7576
94109,7583
94109,7589
94109,7694
94109,8750
94109,10102
94109,10184
94109,11047
94109,11365
94109,14950
94109,15536
94109,16697
94109,18298
94109,18686
94109,18870
94109,18981
94109,19207
94109,19641
94109,20334
94109,21101
94109,21583
94109,21909
94109,22778
94109,23704
94109,24198
94109,25404
94109,25651
94109,27556
94109,27851
94109,28836
94109,29610
94109,32919
94109,33014
94109,33077
94109,33442
94109,33837
94109,34033
94109,34126
94109,34186
94109,34710
94109,35026
94109,35286
94109,36020
94109,36645
94109,36673
94109,36699
94109,37361
94109,37682
94109,37698
94109,37818
94109,37964
94109,38104
94109,38136
94109,38181
94109,38457
94109,38586
94109,39176
94109,39327
94109,39586
94109,39615
94109,39665
94109,39961
94109,58850
94109,59599
94109,59949
94109,60114
94109,60256
94109,60473
94109,60535
94109,60786
94109,60854
94109,60888
94109,60933
94109,61356
94109,61424
94109,61816
94109,62000
94109,62316
94109,62530
94109,62708
94109,62738
94109,62853
94109,62939
94109,62941
94109,62943
94109,63097
94109,63253
94109,63413
94109,63426
94109,63618
94109,63897
94109,63920
94109,64141
94109,64161
94109,64377
94109,64379
94109,64880
94109,64932
94109,65374
94109,65415
94109,65677
94109,65829
94109,65833
94109,65873
94109,65898
94109,66204
94109,66656
94109,66800
94109,66808
94109,66985
94109,67303
94109,67427
94109,67508
94109,67545
94109,68091
94109,68129
94109,68160
94109,68258
94109,68330
94109,68395
94109,68504
94109,68511
94109,68600
94109,68674
94109,68726
94109,68845
94109,69016
94109,69113
94109,69115
94109,69214
94109,69248
94109,69301
94109,69353
94109,69512
94109,69666
94109,69682
94109,69706
94109,69752
94109,69759
94109,69799
94109,70017
94109,70125
94109,70220
94109,70292
94109,70305
94109,70562
94109,70717
94109,70755
94109,71071
94109,71311
94109,71312
94109,71428
94109,71469
94109,71716
94109,71743
94109,71805
94109,71994
94109,72040
94109,72049
94109,72164
94109,74128
94109,74131
94109,74371
94109,74386
94109,74391
94109,74429
94109,74432
94109,74712
94109,75046
94109,75159
94109,75268
94109,75450
94109,75873
94109,76270
94109,76408
94109,76409
94109,76526
94109,76527
94109,76640
94109,76685
94109,76725
94109,76729
94109,76960
94109,77015
94109,77017
94109,77031
94109,77080
94109,77108
94109,77559
94109,77615
94109,77761
94109,77778
94109,77916
94109,77983
94109,78236
94109,78251
94109,78425
94109,78604
94109,78724
94109,78860
94109,78903
94109,78910
94109,78985
94109,79069
94109,79125
94109,79248
94109,79272
94109,79412
94109,79527
94109,79528
94109,79542
94109,79756
94109,79957
94109,80070
94109,80236
94109,80313
94109,80591
94109,80627
94109,80682
94109,80813
94109,80930
94109,80989
94109,81174
94109,81309
94109,81383
94109,81385
94109,81440
94109,81579
94109,81812
94109,81839
94109,81894
94109,81978
94109,82090
94109,82147
94109,82231
94109,82332
94109,82334
94109,82340
94109,82571
94109,82934
94109,83040
94109,83321
94109,83340
94109,83409
94109,83524
94109,83579
94109,83655
94109,83995
94109,84165
94109,84205
94109,84542
94109,84579
94109,84657
94109,84725
94109,84773
94109,85091
94109,85109
94109,85176
94109,85240
94109,85243
94109,85256
94109,85587
94109,85683
94109,85781
94109,85851
94109,85938
94109,85956
94109,85986
94109,85990
94109,86147
94109,86161
94109,86231
94109,86271
94109,86545
94109,86651
94109,86829
94109,87020
94109,87048
94109,87079
94109,87223
94109,87285
94109,87528
94109,87539
94109,87548
94109,87605
94109,87615
94109,87645
94109,87714
94109,87762
94109,88489
94109,88692
94109,88983
94109,89070
94109,89072
94109,89236
94109,89336
94109,89416
94110,45
94110,95
94110,180
94110,184
94110,217
94110,384
94110,386
94110,580
94110,821
94110,856
94110,929
94110,1000
94110,1002
94110,1003
94110,1005
94110,1018
94110,1065
94110,1243
94110,1249
94110,1282
94110,1337
94110,1399
94110,1584
94110,1619
94110,1753
94110,1792
94110,1797
94110,1811
94110,2266
94110,2318
94110,2334
94110,2337
94110,2347
94110,2352
94110,2356
94110,2357
94110,2358
94110,2359
94110,2360
94110,2363
94110,2369
94110,2418
94110,2420
94110,2421
94110,2427
94110,2428
94110,2433
94110,2447
94110,2454
94110,2455
94110,2610
94110,2632
94110,2645
94110,2646
94110,2648
94110,2653
94110,2659
94110,2689
94110,2690
94110,2749
94110,2871
94110,2978
94110,2980
94110,2984
94110,3615
94110,3616
94110,3623
94110,3655
94110,3757
94110,3784
94110,3869
94110,3870
94110,3871
94110,3899
94110,3911
94110,3971
94110,3986
94110,4173
94110,4175
94110,4229
94110,4230
94110,4235
94110,4238
94110,4239
94110,4242
94110,4243
94110,4244
94110,4284
94110,4361
94110,4371
94110,4372
94110,4378
94110,4379
94110,4443
94110,4449
94110,4481
94110,4584
94110,4797
94110,4800
94110,4863
94110,4874
94110,4875
94110,4881
94110,4884
94110,4914
94110,4917
94110,4920
94110,4922
94110,4925
94110,4959
94110,5006
94110,5025
94110,5032
94110,5143
94110,5156
94110,5257
94110,5271
94110,5272
94110,5291
94110,5301
94110,5913
94110,5915
94110,5952
94110,5953
94110,6150
94110,6156
94110,6219
94110,6322
94110,6324
94110,6332
94110,6424
94110,6553
94110,6680
94110,6794
94110,6931
94110,7055
94110,7063
94110,7068
94110,7083
94110,7085
94110,7124
94110,7133
94110,7205
94110,7489
94110,7491
94110,7493
94110,7646
94110,7649
94110,7663
94110,7664
94110,7702
94110,7736
94110,7761
94110,7770
94110,7771
94110,7772
94110,7779
94110,7786
94110,7810
94110,11572
94110,12285
94110,15094
94110,16349
94110,16424
94110,16513
94110,17411
94110,17899
94110,18047
94110,18136
94110,18403
94110,18514
94110,18815
94110,18940
94110,18996
94110,19170
94110,19175
94110,21807
94110,21982
94110,23865
94110,25048
94110,27306
94110,28976
94110,29246
94110,32170
94110,32200
94110,32671
94110,32733
94110,32925
94110,33348
94110,33446
94110,33700
94110,33710
94110,34708
94110,35660
94110,36024
94110,36224
94110,36348
94110,36589
94110,36613
94110,36678
94110,36685
94110,36687
94110,36889
94110,37304
94110,37407
94110,37639
94110,37731
94110,38126
94110,38423
94110,38447
94110,38565
94110,38580
94110,38929
94110,39031
94110,39398
94110,39476
94110,39606
94110,39651
94110,39692
94110,39980
94110,40144
94110,40212
94110,58803
94110,59044
94110,59124
94110,59372
94110,59574
94110,59637
94110,59935
94110,60210
94110,60356
94110,60828
94110,60978
94110,61579
94110,61595
94110,61697
94110,61736
94110,62048
94110,62056
94110,62487
94110,62735
94110,62739
94110,62744
94110,62784
94110,62921
94110,63169
94110,63286
94110,63404
94110,63487
94110,63663
94110,63763
94110,63857
94110,64004
94110,64007
94110,64076
94110,64116
94110,64501
94110,64593
94110,64624
94110,64648
94110,64667
94110,64717
94110,64722
94110,64881
94110,65023
94110,65051
94110,65111
94110,65130
94110,65238
94110,65291
94110,65348
94110,65468
94110,65487
94110,65611
94110,65795
94110,65852
94110,65906
94110,66173
94110,66297
94110,66400
94110,66402
94110,66503
94110,66685
94110,66704
94110,66895
94110,66900
94110,66961
94110,66967
94110,66983
94110,67122
94110,67186
94110,67418
94110,67495
94110,67552
94110,67617
94110,67651
94110,67676
94110,67749
94110,67815
94110,67895
94110,68018
94110,68058
94110,68118
94110,68172
94110,68173
94110,68190
94110,68274
94110,68323
94110,68365
94110,68379
94110,68390
94110,68394
94110,68456
94110,68483
94110,68503
94110,68537
94110,68616
94110,68644
94110,68692
94110,68724
94110,68768
94110,68769
94110,68775
94110,68799
94110,68811
94110,68894
94110,68963
94110,68999
94110,69013
94110,69175
94110,69180
94110,69181
94110,69189
94110,69253
94110,69257
94110,69324
94110,69325
94110,69403
94110,69465
94110,69466
94110,69562
94110,69575
94110,69678
94110,69684
94110,69692
94110,69792
94110,69813
94110,69884
94110,69885
94110,69909
94110,69942
94110,70019
94110,70148
94110,70155
94110,70313
94110,70365
94110,70494
94110,70495
94110,70707
94110,70713
94110,70856
94110,71087
94110,71149
94110,71154
94110,71174
94110,71207
94110,71380
94110,71649
94110,71760
94110,71761
94110,71803
94110,71988
94110,72020
94110,73970
94110,74001
94110,74039
94110,74133
94110,74165
94110,74202
94110,74283
94110,74312
94110,74374
94110,74399
94110,74426
94110,74468
94110,74480
94110,74481
94110,74517
94110,74546
94110,74755
94110,74761
94110,74826
94110,74833
94110,74978
94110,74999
94110,75055
94110,75078
94110,75415
94110,75464
94110,75465
94110,75531
94110,75753
94110,75785
94110,75792
94110,75836
94110,75847
94110,75957
94110,76131
94110,76241
94110,76360
94110,76427
94110,76441
94110,76521
94110,76606
94110,76902
94110,76997
94110,77070
94110,77178
94110,77191
94110,77425
94110,77442
94110,77532
94110,77750
94110,77807
94110,77858
94110,77911
94110,77933
94110,77968
94110,78113
94110,78172
94110,78196
94110,78215
94110,78239
94110,78382
94110,78406
94110,78472
94110,78530
94110,78531
94110,78545
94110,78610
94110,78762
94110,78871
94110,78873
94110,78946
94110,78969
94110,79025
94110,79050
94110,79119
94110,79198
94110,79247
94110,79346
94110,79368
94110,79426
94110,79430
94110,79525
94110,79632
94110,79782
94110,79794
94110,79801
94110,79805
94110,79813
94110,79834
94110,79839
94110,79858
94110,79888
94110,79915
94110,80099
94110,80109
94110,80235
94110,80286
94110,80302
94110,80305
94110,80486
94110,80528
94110,80545
94110,80605
94110,80629
94110,80669
94110,80732
94110,80786
94110,80798
94110,80897
94110,81092
94110,81106
94110,81161
94110,81164
94110,81302
94110,81365
94110,81468
94110,81475
94110,81520
94110,81539
94110,81588
94110,81610
94110,81611
94110,81781
94110,81815
94110,81890
94110,82058
94110,82071
94110,82092
94110,82141
94110,82228
94110,82253
94110,82361
94110,82413
94110,82494
94110,82516
94110,82560
94110,82601
94110,82702
94110,82803
94110,82990
94110,83366
94110,83369
94110,83399
94110,83472
94110,83480
94110,83481
94110,83648
94110,83800
94110,83842
94110,83930
94110,83990
94110,84035
94110,84037
94110,84109
94110,84159
94110,84195
94110,84375
94110,84462
94110,84527
94110,84533
94110,84543
94110,84548
94110,84562
94110,84573
94110,84582
94110,84726
94110,84769
94110,84774
94110,84910
94110,85037
94110,85169
94110,85254
94110,85350
94110,85495
94110,85504
94110,85526
94110,85560
94110,85750
94110,85853
94110,85917
94110,85953
94110,86136
94110,86301
94110,86336
94110,86350
94110,86386
94110,86471
94110,86475
94110,86534
94110,86561
94110,86798
94110,87050
94110,87068
94110,87197
94110,87344
94110,87440
94110,87443
94110,87482
94110,87488
94110,87630
94110,87699
94110,87757
94110,87780
94110,87802
94110,87923
94110,88098
94110,88115
94110,88118
94110,88146
94110,88486
94110,88525
94110,88575
94110,88687
94110,89191
94110,89453
94111,58
94111,116
94111,132
94111,226
94111,423
94111,786
94111,796
94111,886
94111,1090
94111,1125
94111,1368
94111,1444
94111,1493
94111,1571
94111,1615
94111,1687
94111,1836
94111,1850
94111,2007
94111,2218
94111,2226
94111,2228
94111,2578
94111,2733
94111,2777
94111,2858
94111,2896
94111,2932
94111,2941
94111,2949
94111,3122
94111,3134
94111,3155
94111,3156
94111,3365
94111,3428
94111,3440
94111,3503
94111,3510
94111,3515
94111,3518
94111,3519
94111,3520
94111,3525
94111,3538
94111,3541
94111,3711
94111,3959
94111,4056
94111,4079
94111,4108
94111,4412
94111,4462
94111,4476
94111,4495
94111,4623
94111,4819
94111,5136
94111,5312
94111,5326
94111,5329
94111,5375
94111,5394
94111,5397
94111,6977
94111,7372
94111,7456
94111,7471
94111,7479
94111,7503
94111,7634
94111,7675
94111,7698
94111,7729
94111,8249
94111,8251
94111,8882
94111,9103
94111,9599
94111,9631
94111,9672
94111,10083
94111,10357
94111,10540
94111,11195
94111,11491
94111,11568
94111,13831
94111,14285
94111,14688
94111,15752
94111,16286
94111,18126
94111,19225
94111,19440
94111,20625
94111,21785
94111,25374
94111,27472
94111,27791
94111,27817
94111,32578
94111,32715
94111,33011
94111,33012
94111,33054
94111,33190
94111,33222
94111,33388
94111,33747
94111,35659
94111,36213
94111,36274
94111,36602
94111,37650
94111,38030
94111,38106
94111,38179
94111,38882
94111,39025
94111,39047
94111,39050
94111,39076
94111,40185
94111,57552
94111,59316
94111,59922
94111,60318
94111,60590
94111,60787
94111,60833
94111,61464
94111,61499
94111,61856
94111,61976
94111,62701
94111,63489
94111,63773
94111,63971
94111,64073
94111,64380
94111,64496
94111,64723
94111,64790
94111,64797
94111,65369
94111,65371
94111,65580
94111,65622
94111,65724
94111,65725
94111,65726
94111,65925
94111,66387
94111,66695
94111,66934
94111,67176
94111,67509
94111,67543
94111,67911
94111,68013
94111,68149
94111,68345
94111,68356
94111,68713
94111,68714
94111,68739
94111,68742
94111,68826
94111,69006
94111,69489
94111,69501
94111,69547
94111,69786
94111,69806
94111,69881
94111,69962
94111,70034
94111,70547
94111,70754
94111,71218
94111,71292
94111,71460
94111,71831
94111,71906
94111,71915
94111,74023
94111,74191
94111,74995
94111,75258
94111,75259
94111,75325
94111,75437
94111,75681
94111,75944
94111,75965
94111,76251
94111,76431
94111,76436
94111,76503
94111,76546
94111,76733
94111,76914
94111,77706
94111,77840
94111,77907
94111,77955
94111,78207
94111,78250
94111,78403
94111,78426
94111,78577
94111,78865
94111,78988
94111,79138
94111,79156
94111,79246
94111,79261
94111,79303
94111,79439
94111,79964
94111,80013
94111,80230
94111,80680
94111,80841
94111,81089
94111,81245
94111,81339
94111,81349
94111,81919
94111,82111
94111,82250
94111,82476
94111,82677
94111,82807
94111,82873
94111,82907
94111,83449
94111,83521
94111,83581
94111,83664
94111,83711
94111,84453
94111,84708
94111,84731
94111,84813
94111,84983
94111,85004
94111,85051
94111,85210
94111,85224
94111,85291
94111,85333
94111,85342
94111,85430
94111,85480
94111,85898
94111,85951
94111,86059
94111,86170
94111,86238
94111,86282
94111,86503
94111,86506
94111,86933
94111,86960
94111,87149
94111,87154
94111,87201
94111,87271
94111,87742
94111,87795
94111,88178
94111,88704
94111,88801
94112,253
94112,256
94112,258
94112,385
94112,393
94112,505
94112,615
94112,619
94112,824
94112,827
94112,830
94112,993
94112,1362
94112,1426
94112,1608
94112,1726
94112,1992
94112,1994
94112,2189
94112,2309
94112,2766
94112,3084
94112,3252
94112,3256
94112,3263
94112,3476
94112,4016
94112,4104
94112,4227
94112,4415
94112,4586
94112,4683
94112,4801
94112,4849
94112,4850
94112,4859
94112,4952
94112,5096
94112,5258
94112,5355
94112,5925
94112,5942
94112,5950
94112,5955
94112,6338
94112,6674
94112,6677
94112,6786
94112,6791
94112,6833
94112,7047
94112,7140
94112,7216
94112,7243
94112,7245
94112,7295
94112,7332
94112,7387
94112,7527
94112,7532
94112,7571
94112,7643
94112,7644
94112,7689
94112,7747
94112,7759
94112,7765
94112,7778
94112,11018
94112,15279
94112,17779
94112,18310
94112,19150
94112,20367
94112,25167
94112,32818
94112,33638
94112,33862
94112,34102
94112,34423
94112,34885
94112,35828
94112,36160
94112,36208
94112,37256
94112,38258
94112,38427
94112,38752
94112,57579
94112,58922
94112,59016
94112,59021
94112,59331
94112,59651
94112,60334
94112,60628
94112,61016
94112,61915
94112,62179
94112,62560
94112,62573
94112,62782
94112,63488
94112,64612
94112,65137
94112,65350
94112,65485
94112,66334
94112,66584
94112,66700
94112,67489
94112,67554
94112,67601
94112,67894
94112,68219
94112,68401
94112,68508
94112,68540
94112,68890
94112,68961
94112,68967
94112,69024
94112,69026
94112,69125
94112,69302
94112,69606
94112,69769
94112,71131
94112,71286
94112,71357
94112,71664
94112,73955
94112,73968
94112,73990
94112,74563
94112,74694
94112,75289
94112,75402
94112,75510
94112,75604
94112,75888
94112,76280
94112,76374
94112,76510
94112,76547
94112,76906
94112,76937
94112,77432
94112,77433
94112,77484
94112,77642
94112,78245
94112,78452
94112,78789
94112,78821
94112,78996
94112,79409
94112,79415
94112,79427
94112,79545
94112,79625
94112,79635
94112,79695
94112,80137
94112,80419
94112,80587
94112,80773
94112,80979
94112,81331
94112,81409
94112,81606
94112,81667
94112,81808
94112,81997
94112,82105
94112,82416
94112,82559
94112,82680
94112,82733
94112,82993
94112,83375
94112,83605
94112,83644
94112,84387
94112,84389
94112,84421
94112,84688
94112,84690
94112,84968
94112,85562
94112,85563
94112,85582
94112,85584
94112,85609
94112,86370
94112,86694
94112,86816
94112,87167
94112,87341
94112,88090
94112,88508
94112,89069
94114,315
94114,902
94114,1103
94114,1259
94114,1289
94114,1294
94114,1352
94114,1607
94114,1609
94114,1626
94114,1631
94114,2615
94114,2627
94114,2643
94114,2676
94114,2721
94114,2750
94114,2863
94114,2951
94114,3331
94114,3477
94114,3825
94114,3834
94114,3867
94114,3868
94114,4340
94114,4345
94114,4346
94114,4355
94114,4356
94114,4358
94114,4359
94114,4434
94114,4474
94114,4479
94114,4480
94114,4500
94114,4509
94114,4702
94114,4978
94114,4987
94114,5606
94114,5965
94114,6106
94114,6167
94114,6348
94114,6382
94114,6567
94114,7206
94114,7209
94114,7210
94114,7211
94114,7330
94114,7361
94114,7457
94114,7715
94114,9325
94114,9553
94114,16162
94114,18491
94114,18825
94114,19205
94114,20327
94114,25777
94114,26025
94114,27167
94114,27821
94114,28209
94114,33831
94114,34577
94114,35317
94114,35447
94114,35464
94114,35784
94114,35862
94114,36014
94114,36614
94114,36695
94114,36876
94114,37078
94114,37234
94114,37581
94114,38070
94114,38822
94114,39205
94114,39687
94114,39773
94114,40193
94114,58763
94114,59152
94114,59336
94114,60380
94114,60400
94114,60445
94114,60631
94114,60657
94114,60756
94114,61326
94114,61519
94114,62023
94114,62358
94114,63000
94114,63016
94114,63978
94114,64338
94114,64945
94114,65181
94114,65295
94114,65728
94114,65752
94114,66191
94114,66336
94114,66394
94114,66411
94114,66419
94114,66640
94114,66861
94114,67196
94114,67329
94114,67374
94114,67690
94114,68079
94114,69057
94114,69069
94114,69234
94114,69782
94114,70016
94114,70110
94114,70184
94114,70884
94114,71062
94114,71328
94114,71746
94114,71784
94114,72027
94114,73875
94114,73949
94114,74453
94114,74671
94114,75349
94114,75384
94114,75732
94114,75840
94114,76074
94114,76156
94114,76275
94114,76574
94114,76633
94114,77427
94114,77520
94114,77558
94114,77566
94114,77632
94114,77693
94114,77769
94114,77989
94114,78061
94114,78176
94114,78274
94114,78278
94114,78299
94114,78521
94114,78729
94114,78739
94114,78927
94114,79054
94114,79447
94114,79491
94114,79833
94114,79916
94114,80370
94114,80442
94114,80451
94114,80638
94114,80996
94114,81202
94114,81368
94114,81446
94114,81651
94114,81688
94114,81904
94114,81906
94114,81971
94114,82113
94114,82218
94114,82544
94114,82670
94114,82700
94114,82955
94114,83079
94114,83325
94114,83572
94114,83610
94114,83823
94114,84518
94114,85036
94114,85159
94114,85221
94114,85337
94114,85533
94114,85625
94114,85670
94114,85919
94114,86164
94114,86219
94114,86308
94114,86316
94114,86549
94114,86551
94114,86656
94114,86881
94114,86986
94114,87316
94114,87490
94114,87512
94114,87687
94114,87697
94114,87952
94114,88242
94114,88342
94114,88720
94114,88955
94115,54
94115,73
94115,141
94115,272
94115,328
94115,625
94115,628
94115,631
94115,642
94115,645
94115,726
94115,1135
94115,1186
94115,1322
94115,1359
94115,1427
94115,1454
94115,1526
94115,1567
94115,1724
94115,1764
94115,1777
94115,1778
94115,2012
94115,2016
94115,2017
94115,2027
94115,2035
94115,2039
94115,2048
94115,2472
94115,2495
94115,2517
94115,2535
94115,2609
94115,2758
94115,2866
94115,3046
94115,3050
94115,3055
94115,3275
94115,3280
94115,3289
94115,3690
94115,3910
94115,4034
94115,4042
94115,4110
94115,4546
94115,4559
94115,4692
94115,4694
94115,4700
94115,4705
94115,4718
94115,5206
94115,5938
94115,5962
94115,6180
94115,6262
94115,6337
94115,6500
94115,6645
94115,6873
94115,6904
94115,7110
94115,7355
94115,7461
94115,7574
94115,7575
94115,7764
94115,7768
94115,7806
94115,9232
94115,9248
94115,9437
94115,9583
94115,9677
94115,9745
94115,9797
94115,10235
94115,10875
94115,13962
94115,18606
94115,18826
94115,19087
94115,23702
94115,24023
94115,24024
94115,24025
94115,26341
94115,26348
94115,30354
94115,33527
94115,33564
94115,34066
94115,34418
94115,34647
94115,34649
94115,35240
94115,35359
94115,35737
94115,36412
94115,37390
94115,37575
94115,38182
94115,38442
94115,38458
94115,38788
94115,38797
94115,40216
94115,58718
94115,59179
94115,59374
94115,59777
94115,59832
94115,59838
94115,60554
94115,60658
94115,60963
94115,61056
94115,61073
94115,61438
94115,62777
94115,62900
94115,63303
94115,63429
94115,63602
94115,64021
94115,64041
94115,64092
94115,64231
94115,64346
94115,64387
94115,64626
94115,64630
94115,64814
94115,64835
94115,64958
94115,65086
94115,65270
94115,65412
94115,65524
94115,65659
94115,66220
94115,66637
94115,66992
94115,67612
94115,67806
94115,67856
94115,67862
94115,68152
94115,68352
94115,68454
94115,68538
94115,68986
94115,69576
94115,69635
94115,69675
94115,69753
94115,69984
94115,70706
94115,71287
94115,71320
94115,71430
94115,71696
94115,72024
94115,72046
94115,73998
94115,74499
94115,74594
94115,74955
94115,74989
94115,74993
94115,74994
94115,75086
94115,75177
94115,75204
94115,75306
94115,75452
94115,75453
94115,76533
94115,76886
94115,76905
94115,76992
94115,77162
94115,77537
94115,78542
94115,78544
94115,78722
94115,78981
94115,79217
94115,79267
94115,79333
94115,79631
94115,79656
94115,79894
94115,80005
94115,80269
94115,80383
94115,80416
94115,80549
94115,80893
94115,81449
94115,81521
94115,81678
94115,81866
94115,81912
94115,82089
94115,82276
94115,82360
94115,82945
94115,83553
94115,83703
94115,83704
94115,83804
94115,83841
94115,84130
94115,84321
94115,84476
94115,84982
94115,85158
94115,85162
94115,85212
94115,85899
94115,86379
94115,86663
94115,86924
94115,87213
94115,87451
94115,88711
94116,239
94116,588
94116,984
94116,985
94116,1921
94116,1952
94116,2293
94116,2829
94116,3029
94116,3167
94116,3185
94116,3196
94116,4221
94116,4544
94116,4627
94116,4665
94116,4670
94116,4671
94116,4842
94116,4844
94116,4846
94116,4944
94116,4986
94116,5966
94116,6626
94116,6750
94116,6805
94116,6816
94116,20116
94116,34184
94116,38073
94116,38485
94116,59009
94116,59407
94116,60518
94116,60737
94116,61135
94116,61598
94116,62748
94116,62770
94116,64549
94116,64846
94116,65115
94116,67154
94116,67500
94116,67567
94116,68311
94116,68342
94116,69529
94116,69950
94116,70929
94116,71008
94116,71362
94116,71476
94116,71980
94116,72125
94116,74174
94116,74279
94116,74521
94116,75328
94116,75778
94116,75992
94116,76035
94116,76942
94116,76950
94116,77045
94116,77216
94116,77666
94116,77781
94116,79218
94116,79564
94116,80316
94116,81271
94116,81887
94116,82100
94116,82738
94116,82869
94116,83098
94116,83696
94116,84103
94116,84106
94116,84445
94116,85095
94116,85295
94116,85451
94116,86189
94116,86250
94116,86629
94116,86718
94117,80
94117,627
94117,1036
94117,1043
94117,1047
94117,1048
94117,1060
94117,1159
94117,1261
94117,1262
94117,1263
94117,1347
94117,1509
94117,1595
94117,1596
94117,1635
94117,1636
94117,1874
94117,1880
94117,1927
94117,2374
94117,2387
94117,2397
94117,2406
94117,2619
94117,2620
94117,2880
94117,2907
94117,2971
94117,3282
94117,3633
94117,3639
94117,4231
94117,4249
94117,4253
94117,4256
94117,4259
94117,4424
94117,4828
94117,4841
94117,4843
94117,4888
94117,4892
94117,4894
94117,4895
94117,4896
94117,4900
94117,5144
94117,5767
94117,5770
94117,6320
94117,6327
94117,6846
94117,7095
94117,7096
94117,7104
94117,7105
94117,7107
94117,7111
94117,7112
94117,7353
94117,7363
94117,7573
94117,7651
94117,7655
94117,7699
94117,11379
94117,11384
94117,14429
94117,18921
94117,19272
94117,28601
94117,28863
94117,29312
94117,32693
94117,33096
94117,33485
94117,33620
94117,34496
94117,35121
94117,36452
94117,36635
94117,36677
94117,36758
94117,38424
94117,38885
94117,39809
94117,40001
94117,40123
94117,58781
94117,59141
94117,59154
94117,59826
94117,59872
94117,59986
94117,59987
94117,59988
94117,61058
94117,61206
94117,61592
94117,62051
94117,62209
94117,62548
94117,62561
94117,62572
94117,62717
94117,62824
94117,63119
94117,63287
94117,64057
94117,64453
94117,64490
94117,64492
94117,64843
94117,65138
94117,65392
94117,65770
94117,66362
94117,66571
94117,66684
94117,66771
94117,67587
94117,67805
94117,68045
94117,68109
94117,68130
94117,68242
94117,68462
94117,69176
94117,69188
94117,69316
94117,69392
94117,70970
94117,71168
94117,71226
94117,71356
94117,71366
94117,71505
94117,71530
94117,71650
94117,71723
94117,71804
94117,72030
94117,72031
94117,72073
94117,74126
94117,74168
94117,74238
94117,74956
94117,74973
94117,75173
94117,75303
94117,75448
94117,75615
94117,75739
94117,75740
94117,75942
94117,76962
94117,77852
94117,77898
94117,78539
94117,78671
94117,78793
94117,78947
94117,79052
94117,79117
94117,79121
94117,79570
94117,79887
94117,80201
94117,80469
94117,80961
94117,81104
94117,81261
94117,81328
94117,82021
94117,82022
94117,82083
94117,82259
94117,82373
94117,83348
94117,83379
94117,83504
94117,83515
94117,83687
94117,83951
94117,83985
94117,83994
94117,84735
94117,85327
94117,85550
94117,85564
94117,85713
94117,85722
94117,85816
94117,85852
94117,86001
94117,86073
94117,86162
94117,86224
94117,86355
94117,86972
94117,87207
94117,87325
94117,88659
94118,247
94118,527
94118,529
94118,542
94118,557
94118,597
94118,1188
94118,1191
94118,1193
94118,1199
94118,1203
94118,1617
94118,1699
94118,1894
94118,1900
94118,1903
94118,1922
94118,1977
94118,1989
94118,2143
94118,2256
94118,2263
94118,2544
94118,2548
94118,2593
94118,2667
94118,2716
94118,2717
94118,2755
94118,2756
94118,3186
94118,3218
94118,3222
94118,3224
94118,3235
94118,3248
94118,3392
94118,3586
94118,3736
94118,3738
94118,3741
94118,3743
94118,4083
94118,4087
94118,4097
94118,4365
94118,4642
94118,4643
94118,4654
94118,4963
94118,5771
94118,5919
94118,5969
94118,6356
94118,6381
94118,6475
94118,6759
94118,6767
94118,6768
94118,6773
94118,7152
94118,7175
94118,7176
94118,7308
94118,7566
94118,7711
94118,7915
94118,9436
94118,10877
94118,10931
94118,16047
94118,18253
94118,18369
94118,18755
94118,19076
94118,19094
94118,32579
94118,32625
94118,32845
94118,33911
94118,33965
94118,34726
94118,34989
94118,35418
94118,36534
94118,36730
94118,36850
94118,37060
94118,37232
94118,37319
94118,37405
94118,37654
94118,37656
94118,39119
94118,39401
94118,39706
94118,39810
94118,40007
94118,57732
94118,58610
94118,59040
94118,59066
94118,60910
94118,61093
94118,61136
94118,61500
94118,62057
94118,62140
94118,62526
94118,63084
94118,64067
94118,64176
94118,64859
94118,64933
94118,65050
94118,65267
94118,65813
94118,65831
94118,66361
94118,66384
94118,66705
94118,66901
94118,67235
94118,67741
94118,67828
94118,67869
94118,68220
94118,68428
94118,68467
94118,68597
94118,68699
94118,68701
94118,68808
94118,68998
94118,69236
94118,69679
94118,69762
94118,69958
94118,70225
94118,70619
94118,70641
94118,70642
94118,70758
94118,70892
94118,71322
94118,71354
94118,71800
94118,71999
94118,72120
94118,73871
94118,73985
94118,74251
94118,74767
94118,74832
94118,75297
94118,75438
94118,75574
94118,75619
94118,75637
94118,75701
94118,75726
94118,76059
94118,76203
94118,76205
94118,76595
94118,76676
94118,76751
94118,76826
94118,76957
94118,76958
94118,77592
94118,77623
94118,77667
94118,77890
94118,77924
94118,77958
94118,77960
94118,77973
94118,78028
94118,78055
94118,78184
94118,78484
94118,78738
94118,78844
94118,78934
94118,79154
94118,79219
94118,79849
94118,79974
94118,80242
94118,80243
94118,80384
94118,80495
94118,80585
94118,80598
94118,80617
94118,80619
94118,80621
94118,80624
94118,80820
94118,81203
94118,81235
94118,81264
94118,81303
94118,81460
94118,81461
94118,81531
94118,81990
94118,82114
94118,82139
94118,82143
94118,82466
94118,82655
94118,82687
94118,83073
94118,83087
94118,83135
94118,83148
94118,83365
94118,83423
94118,83633
94118,83688
94118,83811
94118,83844
94118,84300
94118,84371
94118,84656
94118,85005
94118,85063
94118,85160
94118,85185
94118,85344
94118,85500
94118,85655
94118,85924
94118,86150
94118,86233
94118,86500
94118,86564
94118,86681
94118,86807
94118,87006
94118,87107
94118,87486
94118,88702
94120,65271
94121,240
94121,547
94121,551
94121,606
94121,876
94121,949
94121,1204
94121,1244
94121,1318
94121,1389
94121,1413
94121,1465
94121,1791
94121,1810
94121,1896
94121,1926
94121,1968
94121,1973
94121,1978
94121,2280
94121,2282
94121,2505
94121,2596
94121,2837
94121,2957
94121,2969
94121,3165
94121,3189
94121,3206
94121,3229
94121,3485
94121,3591
94121,3595
94121,3888
94121,3951
94121,4081
94121,4085
94121,4096
94121,4650
94121,5077
94121,5773
94121,6752
94121,6775
94121,6787
94121,6803
94121,6819
94121,7283
94121,7488
94121,7559
94121,9298
94121,10876
94121,14568
94121,17947
94121,18102
94121,18443
94121,19002
94121,24457
94121,27949
94121,32556
94121,32698
94121,33568
94121,34046
94121,34787
94121,35805
94121,36571
94121,37633
94121,37882
94121,38072
94121,38961
94121,39608
94121,39695
94121,40217
94121,57628
94121,57755
94121,59289
94121,59520
94121,60782
94121,61641
94121,61728
94121,62072
94121,62360
94121,62765
94121,64307
94121,64466
94121,65337
94121,65692
94121,66418
94121,66972
94121,66990
94121,67043
94121,67093
94121,67625
94121,68196
94121,68259
94121,68403
94121,68412
94121,68493
94121,68716
94121,68718
94121,68784
94121,69207
94121,69664
94121,69957
94121,70281
94121,70778
94121,70971
94121,70996
94121,71301
94121,71373
94121,71422
94121,71532
94121,71640
94121,71726
94121,72002
94121,72016
94121,73889
94121,75063
94121,75139
94121,75636
94121,75678
94121,75802
94121,75853
94121,76508
94121,76684
94121,76698
94121,77169
94121,77825
94121,77850
94121,78332
94121,78706
94121,79053
94121,79406
94121,79633
94121,80767
94121,81116
94121,81537
94121,81675
94121,81682
94121,81716
94121,81862
94121,81882
94121,81952
94121,82612
94121,82664
94121,83476
94121,83587
94121,83799
94121,84256
94121,84615
94121,84911
94121,85541
94121,85604
94121,85706
94121,85835
94121,85955
94121,85972
94121,86305
94121,86359
94121,86774
94121,87805
94121,87815
94122,48
94122,66
94122,179
94122,251
94122,337
94122,510
94122,538
94122,552
94122,558
94122,591
94122,610
94122,687
94122,951
94122,952
94122,961
94122,966
94122,968
94122,972
94122,1265
94122,1304
94122,1344
94122,1398
94122,1703
94122,1712
94122,1930
94122,1931
94122,1949
94122,1954
94122,1959
94122,2136
94122,2292
94122,2798
94122,3025
94122,3174
94122,3183
94122,3190
94122,3211
94122,3217
94122,3221
94122,3228
94122,3237
94122,3241
94122,3693
94122,4077
94122,4099
94122,4106
94122,4217
94122,4262
94122,4538
94122,4638
94122,4668
94122,4681
94122,4837
94122,4960
94122,5090
94122,5960
94122,6472
94122,6686
94122,6745
94122,6751
94122,6764
94122,6802
94122,6807
94122,7033
94122,7441
94122,7495
94122,7551
94122,7640
94122,7641
94122,7728
94122,7755
94122,9283
94122,9310
94122,9350
94122,9869
94122,10131
94122,10990
94122,13838
94122,14303
94122,14740
94122,14743
94122,15184
94122,17647
94122,18422
94122,18767
94122,18824
94122,19043
94122,20924
94122,21557
94122,24572
94122,26379
94122,32835
94122,32992
94122,33073
94122,33173
94122,33591
94122,34585
94122,35396
94122,35702
94122,36201
94122,36396
94122,36618
94122,36750
94122,37462
94122,37833
94122,38808
94122,39169
94122,39246
94122,40109
94122,57713
94122,59028
94122,59761
94122,59816
94122,60115
94122,60290
94122,60656
94122,61493
94122,62330
94122,62419
94122,62746
94122,62767
94122,62768
94122,63265
94122,63615
94122,63874
94122,63992
94122,64435
94122,64503
94122,64524
94122,64525
94122,65012
94122,65294
94122,65382
94122,65531
94122,65695
94122,66229
94122,66280
94122,66736
94122,66894
94122,67050
94122,67075
94122,67330
94122,67371
94122,67568
94122,67863
94122,67920
94122,68056
94122,68148
94122,68158
94122,68560
94122,68620
94122,68773
94122,68909
94122,69282
94122,69419
94122,69485
94122,69717
94122,69903
94122,70687
94122,71176
94122,71501
94122,71592
94122,71657
94122,71691
94122,73978
94122,74149
94122,74616
94122,74756
94122,74759
94122,74794
94122,74829
94122,74981
94122,75123
94122,75230
94122,75235
94122,75429
94122,75890
94122,75973
94122,76033
94122,76116
94122,76383
94122,76418
94122,76877
94122,76930
94122,77004
94122,77168
94122,77438
94122,77564
94122,77681
94122,77684
94122,77703
94122,77776
94122,77951
94122,78171
94122,78275
94122,78742
94122,79220
94122,79252
94122,79401
94122,79407
94122,79518
94122,79565
94122,79626
94122,79821
94122,79851
94122,79923
94122,79992
94122,80024
94122,80154
94122,80260
94122,80552
94122,80569
94122,80964
94122,80975
94122,81033
94122,81135
94122,81162
94122,81244
94122,81258
94122,81857
94122,81956
94122,81976
94122,82290
94122,82337
94122,82354
94122,82483
94122,82649
94122,82938
94122,82994
94122,83043
94122,83048
94122,83062
94122,83588
94122,83626
94122,83627
94122,83780
94122,83808
94122,83827
94122,83887
94122,83955
94122,84228
94122,84457
94122,84551
94122,84625
94122,85273
94122,85307
94122,85310
94122,85696
94122,85766
94122,85787
94122,85824
94122,85925
94122,86245
94122,86654
94122,86670
94122,86814
94122,86845
94122,87117
94122,87122
94122,87487
94122,87691
94122,87821
94122,88620
94122,88676
94122,89215
94123,267
94123,268
94123,273
94123,276
94123,281
94123,290
94123,299
94123,305
94123,400
94123,665
94123,670
94123,691
94123,729
94123,1116
94123,1122
94123,1323
94123,2047
94123,2060
94123,2061
94123,2063
94123,2131
94123,2483
94123,2497
94123,2507
94123,2555
94123,2706
94123,2709
94123,2714
94123,2724
94123,2725
94123,2739
94123,3043
94123,3317
94123,3343
94123,3345
94123,3727
94123,3875
94123,3877
94123,3881
94123,3885
94123,3942
94123,4039
94123,4120
94123,4121
94123,4130
94123,4145
94123,4147
94123,4295
94123,4387
94123,4553
94123,4555
94123,4703
94123,4706
94123,4708
94123,4716
94123,4734
94123,4957
94123,5038
94123,5039
94123,5278
94123,5745
94123,5786
94123,5961
94123,5970
94123,6343
94123,6638
94123,7241
94123,9226
94123,10226
94123,10470
94123,10615
94123,10668
94123,13226
94123,17750
94123,18399
94123,18805
94123,19025
94123,24930
94123,27093
94123,28978
94123,29304
94123,29428
94123,29429
94123,30001
94123,32862
94123,34387
94123,34388
94123,34685
94123,34746
94123,36023
94123,36926
94123,37456
94123,38875
94123,39851
94123,58861
94123,59898
94123,60898
94123,60899
94123,61512
94123,62521
94123,62775
94123,63047
94123,63082
94123,63095
94123,63124
94123,63256
94123,63406
94123,63893
94123,64748
94123,64787
94123,64917
94123,65057
94123,65060
94123,65624
94123,65824
94123,66382
94123,66657
94123,66896
94123,66999
94123,67149
94123,67195
94123,67276
94123,67357
94123,67359
94123,68278
94123,68322
94123,68331
94123,69494
94123,70138
94123,70254
94123,70823
94123,70920
94123,71441
94123,71443
94123,71841
94123,71969
94123,74217
94123,74800
94123,74922
94123,75662
94123,76061
94123,76220
94123,76544
94123,76677
94123,76735
94123,77173
94123,77580
94123,77799
94123,78338
94123,78603
94123,79212
94123,79414
94123,80051
94123,80121
94123,80342
94123,80844
94123,81050
94123,81166
94123,81719
94123,81796
94123,81947
94123,82176
94123,82472
94123,82627
94123,82909
94123,83403
94123,83426
94123,83568
94123,83575
94123,83647
94123,83727
94123,84619
94123,84863
94123,85166
94123,85338
94123,85468
94123,86593
94123,86602
94123,86777
94123,86885
94123,87097
94123,87652
94123,87783
94123,88380
94124,198
94124,208
94124,816
94124,935
94124,941
94124,1668
94124,2271
94124,3414
94124,3420
94124,3425
94124,4214
94124,4594
94124,4817
94124,5243
94124,5252
94124,5256
94124,5267
94124,6278
94124,6319
94124,6798
94124,6880
94124,6913
94124,6916
94124,7024
94124,7375
94124,7394
94124,7501
94124,7524
94124,7598
94124,7628
94124,7635
94124,7636
94124,7748
94124,7816
94124,7818
94124,7834
94124,7837
94124,7911
94124,7985
94124,7989
94124,8004
94124,8075
94124,8105
94124,8122
94124,8151
94124,9183
94124,15307
94124,16329
94124,18574
94124,19373
94124,23273
94124,27874
94124,30532
94124,33619
94124,33936
94124,34591
94124,36022
94124,37580
94124,37658
94124,39403
94124,39426
94124,58731
94124,58918
94124,58972
94124,59036
94124,59142
94124,60042
94124,60615
94124,61187
94124,61494
94124,61516
94124,61604
94124,62069
94124,62176
94124,62357
94124,62597
94124,62688
94124,62808
94124,63108
94124,63896
94124,64101
94124,65014
94124,65245
94124,66276
94124,67448
94124,67923
94124,68089
94124,68131
94124,68832
94124,69127
94124,69299
94124,69322
94124,69771
94124,70058
94124,70452
94124,70686
94124,70849
94124,70945
94124,71088
94124,71766
94124,71799
94124,71873
94124,72038
94124,73860
94124,73938
94124,73962
94124,74089
94124,74216
94124,74305
94124,74307
94124,74579
94124,74797
94124,74971
94124,75107
94124,75300
94124,75353
94124,75380
94124,75407
94124,75411
94124,75671
94124,75851
94124,75986
94124,75991
94124,76511
94124,76708
94124,76965
94124,77177
94124,77816
94124,78076
94124,78241
94124,78289
94124,78419
94124,78676
94124,78794
94124,78928
94124,79090
94124,79345
94124,79390
94124,79434
94124,79520
94124,79750
94124,80006
94124,80136
94124,80237
94124,80679
94124,80744
94124,80901
94124,81064
94124,81114
94124,81170
94124,81758
94124,82006
94124,82037
94124,82065
94124,82546
94124,82820
94124,82932
94124,83035
94124,83371
94124,83390
94124,83522
94124,84393
94124,84449
94124,84502
94124,84747
94124,84749
94124,84941
94124,85025
94124,85244
94124,85739
94124,85927
94124,86131
94124,86132
94124,86399
94124,86469
94124,86488
94124,86644
94124,86696
94124,87260
94124,87298
94124,87693
94124,87814
94124,87942
94124,88490
94124,88505
94124,88792
94127,741
94127,994
94127,1486
94127,1700
94127,1702
94127,1950
94127,1963
94127,2298
94127,2808
94127,3260
94127,3677
94127,3678
94127,4021
94127,4101
94127,4294
94127,4539
94127,4545
94127,4630
94127,4637
94127,4667
94127,6421
94127,7744
94127,7802
94127,17723
94127,18268
94127,19138
94127,33641
94127,36519
94127,38798
94127,60484
94127,63258
94127,64502
94127,65265
94127,68159
94127,68257
94127,68400
94127,69217
94127,69259
94127,69486
94127,69815
94127,70071
94127,70120
94127,70216
94127,70434
94127,70838
94127,71562
94127,71909
94127,72153
94127,74010
94127,75229
94127,77669
94127,78727
94127,79222
94127,79563
94127,79661
94127,79967
94127,80292
94127,80417
94127,80819
94127,80894
94127,83097
94127,84000
94127,85383
94127,86076
94127,86145
94127,86692
94127,86742
94127,88340
94129,77759
94129,79607
94130,38139
94130,60349
94130,69804
94130,73799
94130,78650
94130,79829
94130,80122
94131,56
94131,507
94131,1151
94131,1339
94131,1381
94131,1641
94131,2664
94131,2684
94131,2692
94131,3819
94131,4383
94131,5033
94131,5959
94131,7197
94131,7225
94131,7708
94131,11079
94131,17346
94131,22606
94131,27055
94131,28035
94131,32738
94131,34865
94131,39888
94131,60544
94131,65549
94131,66612
94131,67919
94131,69291
94131,69475
94131,76123
94131,76545
94131,76832
94131,77665
94131,78216
94131,80406
94131,81027
94131,81863
94131,82134
94131,82196
94131,82217
94131,82409
94131,83953
94131,84889
94131,84969
94131,86658
94131,88116
94132,187
94132,522
94132,1147
94132,1882
94132,1936
94132,2002
94132,2840
94132,2841
94132,2974
94132,3253
94132,3262
94132,3267
94132,3607
94132,4519
94132,4636
94132,4685
94132,4686
94132,4688
94132,4860
94132,5071
94132,5074
94132,5260
94132,5307
94132,5607
94132,5948
94132,6756
94132,7253
94132,9208
94132,13427
94132,15055
94132,33093
94132,33272
94132,33315
94132,33914
94132,34397
94132,35786
94132,37507
94132,37820
94132,38247
94132,39862
94132,60555
94132,60632
94132,60649
94132,60936
94132,61285
94132,62658
94132,64149
94132,64326
94132,64513
94132,65093
94132,65103
94132,66183
94132,66328
94132,66536
94132,66687
94132,67414
94132,68618
94132,68944
94132,68974
94132,69123
94132,69237
94132,69448
94132,69527
94132,69928
94132,70425
94132,70516
94132,70993
94132,71385
94132,71413
94132,71425
94132,71426
94132,71611
94132,72159
94132,74013
94132,74742
94132,74983
94132,75613
94132,75841
94132,75934
94132,75936
94132,76060
94132,76126
94132,76587
94132,76638
94132,78204
94132,78328
94132,78473
94132,78495
94132,79411
94132,79417
94132,79842
94132,80112
94132,81341
94132,81540
94132,82054
94132,82137
94132,82142
94132,82232
94132,82345
94132,82410
94132,83134
94132,83834
94132,84469
94132,84470
94132,84517
94132,85078
94132,85111
94132,85135
94132,85396
94132,85407
94132,85697
94132,86140
94132,86172
94132,86261
94132,86272
94132,86406
94132,86407
94132,86409
94132,86643
94132,86682
94132,87200
94132,87202
94132,87277
94132,87664
94132,88324
94132,88461
94132,88829
94132,89296
94133,31
94133,61
94133,98
94133,126
94133,231
94133,234
94133,236
94133,420
94133,421
94133,422
94133,429
94133,430
94133,431
94133,435
94133,436
94133,438
94133,443
94133,444
94133,447
94133,448
94133,462
94133,463
94133,468
94133,470
94133,475
94133,477
94133,479
94133,480
94133,482
94133,483
94133,484
94133,485
94133,486
94133,488
94133,489
94133,494
94133,496
94133,792
94133,795
94133,799
94133,835
94133,840
94133,843
94133,845
94133,847
94133,852
94133,854
94133,880
94133,884
94133,1442
94133,1469
94133,1508
94133,1534
94133,1566
94133,1568
94133,1579
94133,1685
94133,1754
94133,1830
94133,1833
94133,1843
94133,1844
94133,1852
94133,1865
94133,2004
94133,2008
94133,2044
94133,2127
94133,2165
94133,2168
94133,2172
94133,2199
94133,2219
94133,2223
94133,2788
94133,2821
94133,2826
94133,2836
94133,2849
94133,2869
94133,2883
94133,2933
94133,2934
94133,2943
94133,2944
94133,2945
94133,2952
94133,2987
94133,3021
94133,3059
94133,3114
94133,3115
94133,3133
94133,3151
94133,3160
94133,3161
94133,3210
94133,3272
94133,3325
94133,3429
94133,3431
94133,3432
94133,3433
94133,3437
94133,3439
94133,3443
94133,3444
94133,3445
94133,3446
94133,3449
94133,3480
94133,3481
94133,3524
94133,3528
94133,3529
94133,3536
94133,3817
94133,3895
94133,3953
94133,3996
94133,4019
94133,4062
94133,4063
94133,4065
94133,4066
94133,4067
94133,4068
94133,4069
94133,4071
94133,4072
94133,4076
94133,4157
94133,4158
94133,4186
94133,4190
94133,4194
94133,4292
94133,4416
94133,4421
94133,4464
94133,4465
94133,4510
94133,4548
94133,4593
94133,4614
94133,4621
94133,4622
94133,4634
94133,4753
94133,4754
94133,4755
94133,4762
94133,5016
94133,5104
94133,5310
94133,5316
94133,5322
94133,5744
94133,5940
94133,5968
94133,6224
94133,6281
94133,6282
94133,6284
94133,6285
94133,6302
94133,6425
94133,6535
94133,6568
94133,6620
94133,6622
94133,6705
94133,6711
94133,6716
94133,6720
94133,6724
94133,6728
94133,6730
94133,6734
94133,6735
94133,7147
94133,7274
94133,7377
94133,7475
94133,7541
94133,7745
94133,7762
94133,7856
94133,8141
94133,10170
94133,11492
94133,13041
94133,13426
94133,15535
94133,15806
94133,16432
94133,18357
94133,18426
94133,18624
94133,18874
94133,19403
94133,21429
94133,24437
94133,25375
94133,26340
94133,27680
94133,27789
94133,28318
94133,29950
94133,33124
94133,33145
94133,33198
94133,33386
94133,33926
94133,33999
94133,34395
94133,34662
94133,35105
94133,35221
94133,35222
94133,35852
94133,36001
94133,36214
94133,36215
94133,36216
94133,36451
94133,37152
94133,37389
94133,37667
94133,37832
94133,38231
94133,38306
94133,39293
94133,39396
94133,39693
94133,58611
94133,58628
94133,58879
94133,59002
94133,59251
94133,59515
94133,59727
94133,60254
94133,60602
94133,61001
94133,61351
94133,61959
94133,62362
94133,62435
94133,62702
94133,62730
94133,62814
94133,62990
94133,63121
94133,63419
94133,63755
94133,64079
94133,64434
94133,64884
94133,65375
94133,65475
94133,65554
94133,65561
94133,65782
94133,65830
94133,65857
94133,66679
94133,66711
94133,66874
94133,66987
94133,66988
94133,67067
94133,67180
94133,67187
94133,67218
94133,67262
94133,67611
94133,67703
94133,68042
94133,68090
94133,68260
94133,68261
94133,68262
94133,68263
94133,68283
94133,68289
94133,68321
94133,68633
94133,68694
94133,68895
94133,69118
94133,69172
94133,69205
94133,69250
94133,69383
94133,69618
94133,69750
94133,69819
94133,69828
94133,69849
94133,70137
94133,70217
94133,70226
94133,70446
94133,70523
94133,70651
94133,70780
94133,70914
94133,71012
94133,71187
94133,71314
94133,71512
94133,71524
94133,72131
94133,74178
94133,74239
94133,74378
94133,74522
94133,74591
94133,74635
94133,74866
94133,74952
94133,74966
94133,75147
94133,75265
94133,75457
94133,75523
94133,75526
94133,75689
94133,76117
94133,76221
94133,76353
94133,76411
94133,76419
94133,76477
94133,76479
94133,76543
94133,76876
94133,77054
94133,77543
94133,77687
94133,77713
94133,77838
94133,77926
94133,78347
94133,78402
94133,78501
94133,78555
94133,78563
94133,78601
94133,78605
94133,78621
94133,78647
94133,78747
94133,78781
94133,78963
94133,78983
94133,79145
94133,79186
94133,79366
94133,79734
94133,79961
94133,80045
94133,80079
94133,80168
94133,80253
94133,80283
94133,80336
94133,80640
94133,80824
94133,80931
94133,80940
94133,81067
94133,81077
94133,81094
94133,81153
94133,81167
94133,81439
94133,81528
94133,81705
94133,81886
94133,82315
94133,82485
94133,82578
94133,82950
94133,83316
94133,83347
94133,83351
94133,83352
94133,83424
94133,83589
94133,83685
94133,83708
94133,83773
94133,83802
94133,83822
94133,83945
94133,83946
94133,84158
94133,84381
94133,84417
94133,84418
94133,84420
94133,84547
94133,84772
94133,84856
94133,85010
94133,85097
94133,85220
94133,85271
94133,85282
94133,85299
94133,85397
94133,85433
94133,85532
94133,85714
94133,85779
94133,85790
94133,85796
94133,85843
94133,86166
94133,86171
94133,86180
94133,86213
94133,86283
94133,86294
94133,86295
94133,86297
94133,86306
94133,86423
94133,86765
94133,86865
94133,86929
94133,86977
94133,87105
94133,87128
94133,87208
94133,87595
94133,87649
94133,87709
94133,87764
94133,87799
94133,88082
94133,88404
94133,88713
94133,88780
94133,89393
94134,194
94134,379
94134,1788
94134,2193
94134,2599
94134,2622
94134,2785
94134,3478
94134,3861
94134,3862
94134,4054
94134,4184
94134,4502
94134,4587
94134,4588
94134,4592
94134,4798
94134,4803
94134,4804
94134,4806
94134,5927
94134,6800
94134,7530
94134,7617
94134,7618
94134,12968
94134,16441
94134,18728
94134,34144
94134,35199
94134,35340
94134,36570
94134,38202
94134,38440
94134,39630
94134,57774
94134,59484
94134,63780
94134,68872
94134,69317
94134,70171
94134,70232
94134,70685
94134,70961
94134,74029
94134,74593
94134,74959
94134,75217
94134,76294
94134,76497
94134,76615
94134,77430
94134,77550
94134,78102
94134,78306
94134,78489
94134,78670
94134,78756
94134,80233
94134,80514
94134,80631
94134,81190
94134,82607
94134,83640
94134,84394
94134,84887
94134,85347
94134,85377
94134,85928
94134,87074
94134,87700
94143,65358
94143,65425
94143,80554
94143,81134
94143,85506
94158,33160
94158,65277
94158,65293
94158,74485
94158,74496
94158,76062
94158,80614
94158,81837
94158,83030
94158,84716
94158,85186
94158,86384
94158,87081
94158,87450
94158,87954
94158,88046
94158,88058
94158,88975
94188,71471
94545,5755
94602,85459
95105,36547
Ca,88139
Ca,88160
,8202
,9328
,9358
,9582
,10227
,10376
,10831
,11416
,11835
,11967
,11974
,12344
,13057
,13753
,14940
,17946
,18079
,19357
,34201
,34331
,34635
,35469
,38146
,39481
,39482
,57653
,60547
,60548
,60549
,60550
,60551
,62797
,63624
,64319
,64463
,65363
,65377
,65383
,65384
,65614
,65804
,65805
,66492
,66698
,66921
,67124
,67167
,67466
,67840
,68068
,68237
,68377
,68468
,68500
,68544
,68558
,68591
,68696
,68800
,68804
,68842
,69012
,69066
,69122
,69294
,69312
,69313
,69707
,69708
,69830
,69850
,69863
,70044
,70215
,70580
,70779
,70922
,71145
,71522
,71581
,71658
,71753
,72025
,72084
,72132
,72136
,73939
,73940
,73967
,74562
,74869
,74871
,74975
,75044
,75274
,75399
,75892
,75903
,76337
,76464
,76784
,76926
,77205
,77406
,77519
,77644
,77913
,78313
,78337
,78699
,78784
,78872
,78874
,79058
,79127
,79130
,79167
,79180
,79194
,79543
,79547
,80068
,80069
,80075
,80173
,80315
,80361
,80371
,80405
,80421
,80422
,80460
,80503
,80524
,80620
,80925
,81112
,81131
,81137
,81163
,81287
,81342
,81350
,81355
,81357
,81379
,81508
,81509
,81512
,81515
,81518
,81519
,81553
,81789
,81836
,81940
,82029
,82031
,82144
,82351
,82352
,82394
,82441
,82538
,82557
,82690
,82697
,82853
,82880
,82883
,82963
,83391
,83393
,83418
,83636
,84338
,84587
,84740
,84745
,84843
,84878
,84961
,85316
,85317
,85319
,85320
,85399
,85458
,85492
,85496
,85802
,85857
,86277
,86356
,86361
,86391
,86428
,86490
,86491
,86637
,86649
,86849
,86922
,86995
,87021
,87123
,87337
,87736
,87858
,87939
,88064
,88117
,88128
,88153
,88306
,88447
,88480
,88499
,88785
,88996
